ID,TITULO,GENERO,RATING
2,Generals Daughter,sin genero,0.000000
3,Angry Silence,sin genero,0.000000
4,Day After Trinity,sin genero,0.000000
5,Disneyland Dream,sin genero,0.000000
6,Eenfance naked Childhood,sin genero,0.000000
7,Who Is John Galt,sin genero,0.000000
8,How to Survive a Plague,sin genero,0.000000
9,The Man From The Alamo,sin genero,0.000000
10,The Case of Lucky Legs,sin genero,0.000000
11,Musketeer,sin genero,0.000000
12,Romantic Comedy,sin genero,0.000000
13,Fall From Grace,sin genero,0.000000
14,Casshern,sin genero,0.000000
15,Dragonquest,sin genero,0.000000
16,North Face,sin genero,0.000000
17,Satans Tango ,sin genero,0.000000
18,Chu Chin Chow,sin genero,0.000000
19,Cannibal Holocaust,sin genero,0.000000
20,Boy Meets Boy,sin genero,0.000000
21,Sgt Kabukiman,sin genero,0.000000
22,Naked in New York,sin genero,0.000000
23,American Winterr,sin genero,0.000000
24,The Tic Code,sin genero,0.000000
25,Kick Ass,sin genero,0.000000
26,In the Cut,sin genero,0.000000
27,Telefon,sin genero,0.000000
28,The Coven,sin genero,0.000000
29,Dirty Work,sin genero,0.000000
30,Sometimes They Come Back,sin genero,0.000000
31,Floundering,sin genero,0.000000
32,Chance of a Lifetime,sin genero,0.000000
33,The Snow White Murder Case,sin genero,0.000000
34,Yonkers Joe,sin genero,0.000000
35,With Love,sin genero,0.000000
36,Questioning Darwin,sin genero,0.000000
37,Designing Woman,sin genero,0.000000
38,Battlestar Galactica,sin genero,0.000000
39,Bone Collector,sin genero,0.000000
40,Saturday Night Fever,sin genero,0.000000
41,Brute The Bruto,sin genero,0.000000
42,Experiment in Terror,sin genero,0.000000
43,At the Earths Core,sin genero,0.000000
44,Summer in Berlin,sin genero,0.000000
45,Presidents Man,sin genero,0.000000
46,36 Quai des Orfevres,sin genero,0.000000
47,Raiders of the Lost Ark,sin genero,0.000000
48,Taxi 4,sin genero,0.000000
49,Horrible Bosses 2,sin genero,0.000000
50,Jill the Ripper,sin genero,0.000000
51,Robot Carnival,sin genero,0.000000
52,That Touch of Mink,sin genero,0.000000
53,47 Ronin,sin genero,0.000000
54,Heartlands,sin genero,0.000000
55,Divorcee,sin genero,0.000000
56,Minions,sin genero,0.000000
57,Dragon Ball Z,sin genero,0.000000
58,Link,sin genero,0.000000
59,1969,sin genero,0.000000
60,Flying Down to Rio,sin genero,0.000000
61,Wednesday,sin genero,0.000000
62,Dawn Rider,sin genero,0.000000
63,Invaders from Mars,sin genero,0.000000
64,Ugly Truth,sin genero,0.000000
65,10 000 timmar,sin genero,0.000000
66,My Sassy Girl,sin genero,0.000000
67,Mystery Science Theater 3000,sin genero,0.000000
68,Mountaintop Motel Massacre,sin genero,0.000000
69,My Favorite Martian,sin genero,0.000000
70,Pirates Who Dont Do Anything,sin genero,0.000000
71,Dr. Jack,sin genero,0.000000
72,5 Deadly Venoms,sin genero,0.000000
73,Deep Rising,sin genero,0.000000
74,In America,sin genero,0.000000
75,Big Mommas Like Father,sin genero,0.000000
76,North to Alaska,sin genero,0.000000
77,Doubt,sin genero,0.000000
78,Dark Horse,sin genero,0.000000
79,Kanine,sin genero,0.000000
80,Surfs Up,sin genero,0.000000
81,Carbon Copy,sin genero,0.000000
82,Rogue Cop,sin genero,0.000000
83,Dodge City,sin genero,0.000000
84,Greatest Show on Earth,sin genero,0.000000
85,Quicksilver Highway,sin genero,0.000000
86,Creepshow 2,sin genero,0.000000
87,Je appelle Elisabeth,sin genero,0.000000
88,200 MPH,sin genero,0.000000
89,Phantom,sin genero,0.000000
90,Cheech and Chong,sin genero,0.000000
91,Take Me Out to the Ball Game,sin genero,0.000000
92,Silent House,sin genero,0.000000
93,Ordinary Decent Criminal,sin genero,0.000000
94,Eerie Tales,sin genero,0.000000
95,Cloverfield,sin genero,0.000000
96,Way We Laughed,sin genero,0.000000
97,Vie en Rose,sin genero,0.000000
98,Best Defense,sin genero,0.000000
99,Jimmy Rosenberg,sin genero,0.000000
100,You Kill Me,sin genero,0.000000
